,id,title,readyInMinutes
0,199732,Cowboy Cookies,45
1,617225,Spicy Pumpkin Soup,15
2,729465,Chocolate Cobbler,45
3,99454,Asian Spicy Chicken Thighs,50
4,705092,Peppermint Patties Brownies,55
5,754136,Potato-Chip Tortilla,60
6,54134,Banana Bread With Coconut And Pecans,45
7,207703,Nutmeg-Coated Creamy French Toast,45
8,623694,Peppermint Christmas Munch and More,15
9,434151,Greek Spinach Bake,70
10,195709,The Best Juicy Grilled Pork Chops,90
11,697685,Malt Shop Chocolate Ice Cream,120
12,173051,Butterfly Cut-Up Cake,225
13,28027,Double Chocolate Zucchini Brownies,55
14,525020,Slow Cooker Eggnog French Toast,140
15,446660,Baked Zucchini,45
16,47879,Mulled Apple Cider Recipe,20
17,697133,Roasted Vegetable & Feta Sandwiches,30
18,620147,Frosted Eggnog Bread,75
19,550899,The Roasted Bone Marrow / Broth Experiment,45
20,564111,Tangerine Yogurt Cake,75
21,559218,Guacamole Deviled Eggs,5
22,741121,Dipping Biscuits,67
23,626130,Tang Yuan -Black Sesame Filling,30
24,631000,Cheesy Sweet Potato & Chickpea Bowl with Lemon Tahini Sauce,45
25,543411,Cornbread Pancakes with Honey Butter Syrup,45
26,833693,Coconut Italian Cream Cake,70
27,498941,Linguine with Red Clam Sauce,45
28,30501,Seared Steak With Cauliflower Puree,28
29,715497,Berry Banana Breakfast Smoothie,5
30,198433,Dinner Tonight: Cold Sesame Noodles with Kimchi,45
31,522613,The Warm and Toasty and More Perfect Fall Drinks,11
32,205486,Rhubarb Sparkler,5
33,770072,Sausage-and-Mushroom Dutch Baby,45
34,529558,Step By Step: Chocolate-Covered Banana & PB Bites (GF and Vegan!),20
35,442641,Southwestern Macaroni and Cheese with Adobo Meatballs,65
36,8564,"Arugula Salad With Roasted Chicken, Black Quinoa, And Lemon-tah",45
37,71759,Bbq Pineapple Burgers,15
38,502160,Using Thanksgiving Leftovers: Lemon Pepper Turkey Sandwiches,10
39,695916,Two-Toned Mashed Potatoes,35
40,217592,Herby lamb cobbler,190
41,492793,Salt and Vinegar Roasted Potatoes,60
42,720263,Amazing Broccoli-Cheddar Soup,5
43,539853,Cinnamon Raisin Bread,45
44,570029,Frozen Chocolate Banana Bites,45
45,715037,Boozy Guinness Cupcakes,65
46,479762,How to Make Ultra Smooth Homemade Hummus…or The Hummus Dreams Are Made Of),25
47,615266,Slow Cooker Indian Butter Chicken with Cauliflower,255
48,557872,Feta Chickpea Salad,10
49,598948,Chicken Gravy,110
50,25532,Cream Of Winter Squash And Tomato Soup,66
51,517690,"Red, White and Blue Potato Salad",55
52,609536,Soft Beer Pretzels,104
53,536032,Watermelon Salad with Balsamic Reduction,15
54,505585,Thai Chicken Enchiladas,45
55,750726,Red Beans and Greens Salad,5
56,387219,Apple-Raisin Pork Chops,50
57,22882,Cucumber Raita,45
58,523008,Healthy Peanut Butter Protein Balls (just 3 ingredients!),45
59,513456,Cuban Chicken,360
60,495781,King Cake,150
61,532538,Currant Cookies and a Cookie Cravings eCookbook Flash Sale,45
62,596260,Strawberry Ice Cream,45
63,63663,Ice Cream Sundae Cupcakes,61
64,81344,Standing Rib Roast With Yorkshire Pudding,253
65,483129,Baked Sweet Potato Fries,35
66,597063,Slow Cooker Macaroni and Cheese,45
67,576761,Mocha Latte Breakfast Quinoa,25
68,599590,Fried Brussels Sprouts with Walnuts and Capers,30
69,580746,"Strawberry, Basil and Balsamic Pizza",50
70,742533,Gluten-Free Apple Crisp,45
71,667197,Basic Ham and Bean Soup,180
72,502242,How to Roast Sweet Bell Peppers (: Grilled Summer Vegetable Pizza),60
73,603740,Mexican Pork Kabobs,65
74,587015,Enchilada Stuffed Mushrooms,45
75,219262,Mustardy pork & apples,25
76,91897,Sauteed Bok Choy With Mushrooms,23
77,119047,Fallin'- To- Pieces Pot Roast With Carrots and Potatoes,315
78,739259,Collards,75
79,552982,"Bacon, Egg & Tomato Tapenade Sandwich",20
80,542481,Confession #89: I’m on a pumpkin spree… Pumpkin Oatmeal Cookies,20
81,85616,Baked Trout with Garlic & Mushrooms,32
82,524664,Mocha Chocolate Chip Muffins,30
83,276681,Cheddar-Bacon Monkey Bread,35
84,549994,Chocolate Lava Cakes,45
85,716577,Almond-Crusted Trout with White Grits and Swiss Chard,45
86,542514,Confession #113: Skimping isn’t my style… Peanut Butter and Nutella Swirled Banana Bread,65
87,443811,Curried Beef Stir-Fry,30
88,593142,Thing 2 is Two! {Chipotle Roasted Corn Pasta Salad},30
89,559886,Chicken Fajita Sandwiches,40
90,588686,20 Minute Warm Bay Scallop Salad With Zucchini and Asparagus,20
91,493765,South Carolina Barbecue Sauce,15
92,696780,Shrimp Saganaki,30
93,184716,Tamales with Cheese and Jalapeño Filling,100
94,583463,Cheddar and Cauliflower Soup #SundaySupper,45
95,53514,Candied Clementine Cake,50
96,578897,Apple Pie Crumble Bars,110
97,694298,Unstuffed Cabbage Rolls,45
98,599098,Bacon Beer and Cheese Cupcakes,45
99,718472,Fabulous Lemon Basil Millet Burgers with Mango Salsa,45
100,607441,Toasted Coconut Almond Chip Ice Cream,45
101,597415,Grilled Bacon Scallops,45
102,558358,Pumpkin Honey Spice Cookies,30
103,493889,"Salmon Baked In Cream With Sweet Bay, Thyme And Dill",30
104,184835,Crispy Buttermilk Oven-Fried Chicken (Makeover),75
105,779550,Avocado Citrus Salad,15
106,661758,Strawberry Banana Stuffed Pancakes,30
107,485627,Dark Chocolate and Almond Covered Strawberries,32
108,577467,Easy Easter Peeps Edible Bird Nests,45
109,527721,Almond Joy Energy Bites,45
110,533884,Caponata-Style Green Beans,35
111,489659,Red Velvet Puppy Chow,10
112,490375,Caramel Milky Way Brownies,68
113,749171,Hot Ranch Crab Dip,50
114,138913,Lasagna alla Bolognese Recipe,45
115,464629,Spaghetti With Red Clam Sauce,45
116,202575,Spicy Braised Broccoli Rabe with Quinoa Pasta,25
117,210402,Birthday biscuits,40
118,518627,Spring Carrot Cupcakes,45
119,796613,Cheeseburger Egg Rolls,45
120,733067,Asian BBQ Turkey Drumsticks,375
121,140945,Chocolate Glazed Chocolate Tart,4500
122,202538,Italian Fresh Herb Vinaigrette,15
123,704328,Split Pea Soup with Carrots and Ham,500
124,617853,Pumpkin Spice Instant Hot Chocolate Mix #PumpkinWeek,20
125,203667,Simple Orange-Carrot Juice,10
126,54578,Mocha Icebox Cake,45
127,555184,Blazing Pumpkin Martini,5
128,578221,Veggie-packed slow cooker black bean soup,485
129,802466,Oatmeal Cookie Dough Ice Cream,45
130,398060,Warm Mustard Potato Salad,30
131,46109,Five-spice Turkey & Lettuce Wraps,36
132,593222,Chocolate-Peanut Butter Brownies,40
133,543711,Kale and Quinoa Minestrone,70
134,623425,Blueberry Muffin Bread,60
135,548350,Crock Pot Chicken Burritos – 5 Points,375
136,563033,Gluten Free Cinnamon Rolls,45
137,503312,Sweet Chili Bacon-Wrapped Chicken Tenders,40
138,606831,Blueberries Bourbon Black Tea,45
139,460749,Edamame Bean Salad,35
140,601735,Healthy Jalapeño Sweet Potato Chicken Chili,45
141,798354,Millet Sweet Corn Fritters,35
142,528247,Nutella Peanut Butter Chewies,15
143,376862,Southwestern Panini,20
144,583026,Bacon Fried Rice,20
145,200703,Dinner Tonight: Spicy Noodles with Tofu (Dou Hua Mian),30
146,473956,Kids Cooking Channel Video – Healthy Mixed Berry Popsicles for Cancer,10
147,610601,Trashy Rice Crispy Treats,30
148,576838,Honey Ginger Chicken Noodle Stir-Fry,30
149,213088,"Leek, goat’s cheese, walnut & lemon tart",55
150,203789,Cook the Book: Baked Breakfast Cheesecake,35
151,522937,Pork with sambal sauce,30
152,491030,S’mores Popcorn Munch,20
153,521312,One Pot Creamy Chicken Pasta,45
154,31895,Falafel Burgers,2
155,244145,Crockpot Beef Tips and Rice,610
156,224068,Spelt & wild mushroom risotto,55
157,601246,Caramelized Banana and Fig Oatmeal,45
158,509784,"Quinoa, Kale, and Chicken Soup",30
159,407294,German Chocolate Ring,50
160,571128,Mint Julep Cupcakes,45
161,393695,Warm Sweet Potato Salad,25
162,565103,Steamed Scallops with Vermicelli,28
163,598235,Lamb Chops with Cilantro-Mint Sauce,30
164,616320,Spiced Apple Muffins with Apple Cinnamon Glaze,20
165,219302,Cheesy bean potatoes,130
166,18513,Luise’s Green Pea Soup,45
167,591443,Frosted Brownie Cut-Outs,45
168,156969,Green Chile-Pork Pozole,45
169,593278,Butter Cream Chicken,20
170,7996,Cheesy Tuna Noodle Casserole,40
171,38970,Boeuf Bourguignon,122
172,672117,Salted Milk Chocolate Caramels,720
173,564755,Kara Pori – Masala Pori – Spicy Puffed Rice / Murmura,7
174,510432,Sunday Slow Cooker: Saag Paneer,45
175,559687,Challah French Toast,45
176,617697,,45
177,606174,Sopa de Fideo,40
178,570773,Spicy Pear Cobbler,15
179,543756,Chocolate Chip Cookie Dough Fudge,45
180,468556,Homemade Egg Substitute,5
181,635113,Black Forest Mini Cheesecakes,45
182,51112,Blood Orange Margarita Recipe,45
183,597060,Congo Bars,40
184,474531,Asian Inspired Savory Oatmeal (Power Foods),7
185,531636,Easy Dessert Sweet Strawberry Shortcake and Peaches Verrine,45
186,590966,Easy Buffalo Chicken Dip,40
187,474032,Roasted Asparagus with Parmesan Crust,25
188,496073,My Milkshake,5
189,198944,Dinner Tonight: Moroccan Spinach and Chickpeas,45
190,289805,Grilled Chicken with Spinach and Pine Nut Pesto,23
191,202543,Smoked Char Siu Pork Shoulder Steaks,840
192,578068,White Chicken Chili,35
193,677461,Pork Chops with Mushroom Sauce,35
194,731402,20 Minute Basil Cashew Chicken,20
195,683323,Pumpkin Spice Pancakes,30
196,539412,Pumpkin-Spice Granola,50
197,497135,Halloween Fun ~ Creepy Smiles & Carrot Fingers,10
198,591300,Guinness Braised Beef,210
199,35402,Peanut Butter Cheesecake Brownies,30
200,200993,S. H. Fernando Jr.'s Hoppers,210
201,524642,"Caramelized Pear, Squash & Parmesan Noodles",45
202,569935,Roasted Pork Tenderloin with Ginger Peach Sauce,45
203,604234,Caramel-Glazed Flan,75
204,205953,Cook the Book: Kimchi Gazpacho with Shrimp,15
205,548455,Sausage and Potato Bake,50
206,615214,Butternut Squash Burrito Bowls,45
207,384887,Marinara Sauce,90
208,667355,Cider Glazed Carrots,40
209,601647,Rustic Garlic Butter Pasta with Roasted Broccoli,5
210,377526,Apple Pizza,60
211,618355,S’mores Graham Cracker Cookie Bars,35
212,590083,Rustic Red Velvet Cake Layered with Berries,240
213,695567,Vietnamese Mango & Chicken Pizz’alad,160
214,496850,"Savory Scones with Gruyere, Prosciutto and Green Onion",60
215,723934,Golden Red & Orange Bell Pepper Soup,50
216,394592,Italian Stuffed Peppers,265
217,247266,Beef and Barley Stew with Mushrooms,165
218,173448,Slow-Cooker Barbecued Pulled-Pork Fajitas,645
219,174047,Crunchy Corn with Kale and Chicken Slaw,20
220,545185,Openly Crabby,30
221,491747,Pumpkin Mac & Cheese,45
222,70322,Easy Apple Pie Burritos,45
223,700952,Gingersnap Cookies,15
224,86399,Halibut Fish Tacos with Guacamole Sauce,25
225,488444,"kulfi falooda , how to make kulfi falooda",40
226,196157,Vegan Marshmallows,60
227,576838,Honey Ginger Chicken Noodle Stir-Fry,30
228,666042,"Andhra Chilli Chicken , how to make andhra green chilli chicken dry",25
229,746376,Sevendipity,55
230,130224,Amish Country Strawberry Pie,30
231,524596,Fudge Brownie and Coconut Ice Cream Cupcakes,250
232,113913,Arancini with Marinara Sauce,45
233,729104,Pesto Chicken & Rice Casserole,70
234,803051,Chocolate Streusel Coffee Cake,85
235,776507,Lasagna Roll Ups,45
236,729470,Collard Wrap Tacos with Citrus Slaw,45
237,106908,Chocolate Rum Balls,370
238,633160,"Avocado Toast With Caramelized Sweet Onion, Grape Tomatoes, Fresh Garden Chives and Chive Blossoms",45
239,754430,Pumpkin Spiced and Sugared Pumpkin Seeds,25
240,610055,Roasted Chipotle Chicken Taco Stacks,300
241,721568,Peanut Butter and Jelly Popsicles,602
242,226882,Spaghetti con Pollo y Salsa Criolla (Colombian-Style Spaghetti with Chicken),45
243,397834,Beef & Barley Soup,170
244,552156,for Pasta with Roasted Cauliflower and Lemon-Parmesan Breadcrumbs,45
245,52630,Baked Blueberry Breakfast Oatmeal Pudding,51
246,289411,Grilled Pierogies and Kielbasa,30
247,552583,Sriracha Soy Sesame Almonds,25
248,624089,Apple Butter Pumpkin Pie,90
249,436375,Beef and Bean Green Chili Burritos,30
250,617811,butternut squash and apple soup,45
251,326282,Barbeque Baked Beans,55
252,695534,Yellow Gazpacho,135
253,546326,GZ Fizz,5
254,558747,Peanut Brittle,45
255,698577,Tahini Dressing,10
256,583328,Shrimp Sandwiches (aka Easy Entertaining),30
257,258241,Banana Bran Bread from 500 Healthy s,70
258,480278,Healthier Fettuccine Alfredo,25
259,557794,Crunchy Corn Slaw,20
260,610132,Blueberry and Blackberry Pie,45
261,505028,Dark Chocolate Almond Butter Cups,10
262,772582,Strawberry-Lemon Panna Cottas,270
263,694036,"quinoa wrap with black beans, feta and avocado",45
264,795171,Strawberry Banana Yogurt Popsicles,10
265,629151,Red Velvet Crème Brûlée,45
266,592594,Raspberry Hot Chocolate Cupcakes,45
267,490652,Chocolate Toffee Banana Cookies,32
268,83069,Sausages In Bonfire Marinade,30
269,618912,Four Ingredient BBQ Chicken Crescent Roll Ups,25
270,619224,Doritos Chicken Casserole,30
271,384016,Buttery Walnut Cutouts,25
272,681521,One Skillet Mexican Chicken and Rice,45
273,587081,Pan-Seared Pork Chops with Maple Gravy & Apple Bacon Hash,45
274,762290,Linguini with Wild Mushrooms Sauce,45
275,598895,Seasonal Vegetable Tempura,35
276,564505,Pumpkin Pecan Sheet Cake – Guest Post by Paula of Vintage Kitchen,45
277,628782,Pizza Puff Appetizers,35
278,755637,Texas Sheet Cake with Chocolate Ganache,50
279,692401,Pecan Sandies Cookies,40
280,218738,"Gnocchi with courgette, mascarpone & spring onions",20
281,573366,Salmon with Red Grape Agrodolce,45
282,696140,Veggie Egg Salad,25
283,248986,Mexican Quinoa,35
284,774115,Tropical Fruit Salad with Ginger Syrup,120
285,54898,Tiramisu,45
286,221954,Spiced Indian potato wraps,55
287,493994,Braised Peas And Ham With Eggs,30
288,16841,"Brie, Pear, And Mustard Grilled Cheese",45
289,552410,Soft & Chewy Ginger Molasses Cookies,17
290,494335,Cherry Almond Nib Granola Bars,120
291,61923,Pumpkin Spice Latte Cheesecake,45
292,52842,Gluten-free Cherry Clafoutis Recipe,60
293,522466,Real Spaghetti Carbonara,20
294,520969,Pastel Deviled Eggs,45
295,287623,Roasted Garlic Clove Chicken,65
296,259883,Hungry Jack Potato Flake Buckeyes,46
297,219213,Chocolate-on-Chocolate Tart with Maple Almonds,45
298,84610,Pasta Puttanesca,45
299,141004,Whole Wheat Orange Pecan Cookies,30
300,53229,Cherry-almond-coconut Granola,93
301,675905,Ratatouille Pappardelle,45
302,695476,Cornbread Stuffing with Brussels Sprouts & Squash,100
303,667926,Paneer Makhani,45
304,133112,Bran Muffins with Pineapple,45
305,605896,Ricotta and Braised Leek Crostini,30
306,481102,Braised Short Rib Pasta,45
307,594027,Peanut Butter Caramel Toffee Chocolate Chip Cookie Bars,45
308,698549,Pasta with Braised Radicchio,35
309,622617,Cranberry Orange Baked French Toast Casserole,65
310,473931,Rewind – Sour Cream Apple Pie,70
311,299340,Roasted Butternut Squash Salad with Warm Cider Vinaigrette,43
312,509844,Roasted Cherry Brownie Cheesecake,45
313,606349,Cheesy Zucchini Pasta Quinoa Bake,40
314,205137,Spicy Chocolate Pumpkin Milkshake,5
315,458464,Eggnog from Scratch,260
316,666721,Healthy for the 5:2 Diet Fast Days – Mushroom Stroganoff,35
317,216506,Grilled aubergines with spicy chickpeas & walnut sauce,50
318,36119,Veggie “fried” Rice,45
319,608055,Mediterranean Tuna Salad Sandwich,10
320,547115,King Cake Donut Bars,87
321,667307,Chocolate Chip Cookie Dough Cupcake,160
322,477786,Thanksgiving Side Dishes – Caramelized Corn and Green Beans with Pecans and Blue Cheese,45
323,471567,Taiwanese Three Cup Chicken (San Bei Gi),30
324,616716,Wholemeal Maple Pecan Buns,120
325,586047,Chocolate Peanut Butter Rice Krispie Treats,15
326,393110,Fried Apple Pies,55
327,718529,"20-Minute Italian Tuna Fettuccine with Tomatoes, Capers and Olives",20
328,429724,Jack-o'-Lantern Sloppy Joe Pie,30
329,499118,Hawaiian French Toast Sticks,45
330,511400,Valentine’s LoftHouse Cookie Bars,30
331,570068,Buffalo Chicken Pizza,45
332,833695,Sweet and Spicy Asian Meatballs,240
333,32626,Spicy Green Beans,45
334,608670,Grilled Peaches with Agave Lime Cream,15
335,295367,Pumpkin Cheesecake With Bourbon-Spiked Cream,115
336,523299,Cheese-topped baked egg and sardines,11
337,490743,Homemade Burger Buns,45
338,607648,Everything But The... Blackberry Cobbler,50
339,745301,Jerk Turkey Burgers on Sweet Potato Rounds,70
340,555192,Leprechaun Mojito,45
341,759328,Vietnamese Hot Pot,45
342,44315,Mashed Potatoes With Ranch Dressing,45
343,553928,Sweet Potato Muffins,45
344,215986,Turkey Samosas,165
345,207548,Cakespy: 12-Layer Holiday Cake,180
346,616135,"Brussels Sprout, Apple and Brie Grilled Cheese with Whipped Goat Cheese",20
347,761891,Vegetable Caponata,45
348,604259,Apricot Buttermilk Coffee Cake,75
349,474572,for Turkey Stock and Turkey Soba Noodle Soup,20
350,968,Steamed Sea Bass Recipe (thai-style),39
351,728685,Asparagus Mornay,45
352,493407,Best Basic Pesto,15
353,278831,Vanilla Chai Coffee Cooler,5
354,293031,Crouton Crushed Chicken Tenders with Orange Barbeque Sauce,35
355,39164,Quiche Lorraine,60
356,599157,Cracker Barrel Chocolate Pecan Pie,60
357,196015,Turkey or Chicken 'n' Dumplings,75
358,636962,Caprese Quick Bread,60
359,592601,M&M Cupcakes with Peanut Butter Frosting,45
360,591213,sweet potato biscuits,35
361,49758,Fruit Smoothie Recipe,12
362,520379,Hot Seafood Salad With Sherry Vinaigrette,45
363,808429,Parmesan Roasted Potatoes,30
364,719265,Prosciutto Arugula Pizza,14
365,509340,Soft Blueberry Chocolate Chip Cookies,15
366,487004,Grandma’s Carrot Cookies with Orange Butter Icing,45
367,493567,Spicy Sausage Stuffed Mushrooms,40
368,515489,Low Carb Lemon Cheesecake,28
369,829054,Brown Butter Cauliflower Soup,45
370,58486,Balsamic Vinegar Strawberry Fudge Brownies,45
371,573088,Pumpkin Snickerdoodles,95
372,259928,Oatmeal Fudge Brownies,45
373,600821,Sweet Tomatoes – Tomato and Onion Soup,35
374,487671,"ensaladilla rusa , how to make ensaladilla rusa | spanish salad",35
375,378982,Barbecue Chicken Pizza,60
376,246947,Big Batch Brownies,55
377,70364,Rum Raisin Apple Pie,1500
378,533779,American Cakes – Boston Cream Pie,45
379,551079,Rainbow Trout Casserole,45
380,558333,Sugar Free Strawberry Ice Cream Topping #HealthyChoices,30
381,596847,Southern Pecan Pralines,45
382,416775,Sunny Flower Cake,60
383,529563,GF Apple & Sunbutter Granola Muffins …with only 4 main ingredients,25
384,827633,Chicken Parmesan Grilled Cheese,45
385,79035,Homemade Blue Cheese Dressing,45
386,695138,Creamy Wheat Berry Hot Cereal,95
387,28521,How To Make A Perfect Steamed Artichoke,45
388,195877,Korean Fried Cauliflower (Vegan),15
389,515448,Bacon Wrapped Dates with Goat Cheese,27
390,600217,Homemade Bagels,230
391,127300,Best Blueberry Crisp,55
392,509816,Chicken Gyros,45
393,200130,Drinking Seasonally: Sour Cherry Caipirinha,5
394,604321,Buttermilk Bourbon Caramel Sauce,45
395,694385,Easy Miso Shrimp and Veggie Ramen,45
396,548256,Lemon Blueberry Pudding Cookies,20
397,595333,Mexican Brownies,40
398,609510,Banana Walnut Cake with Mocha Buttercream,45
399,607558,Salted Caramel No-Bake Cheesecake,45
400,599210,Quick and Easy Broccoli Rice Casserole,30
401,75147,Turkey With Dumplings,45
402,201291,Mark Bittman's Pad Thai,45
403,813098,Chocolate Peanut Butter Caramel Cups (Vegan + Refined Sugar Free),20
404,675330,Lightened Up Birthday Cake Pancakes,45
405,592353,Italian Wonderpot (One Pot Pasta),25
406,527783,Zucchini Waffles,45
407,594511,Butternut Squash & Kale Lasagna,45
408,629328,Asopao de Pollo,40
409,244570,Mama’s Fresh Apple Cake,70
410,592078,Strawberry Yogurt Scones,45
411,583662,Tomato Crostini with Whipped Goat Cheese,45
412,537080,Bruschetta Benedict,30
413,381502,Mini Meatball Soup,47
414,549094,North Shore Chicken Strips,40
415,228615,Pumpkin Popovers,35
416,536961,White Bean Saute,45
417,553167,To the max green juice,5
418,4431,Seared Salmon With Linguine And Ramp Pesto,45
419,556939,Mini Sante Fe Frittata’s,40
420,245945,Green Beans with Bacon,25
421,524879,White Chocolate Buttermint Ice Cream,240
422,213421,Nettle soup,50
423,607974,Chipotle Beef Quesadilla,30
424,518081,Asparagus & Carrots w/ Maple- Butter Sauce,40
425,445059,Creamy Italian Chicken,255
426,625799,One Pan Roasted Harissa Chicken,50
427,63648,"Billy's Vanilla, Vanilla Cupcakes",45
428,515617,Buffalo Chicken Stuffed Potatoes,15
429,589496,Comfort Food Eggplant Casserole,15
430,528137,Fruity Brownie Dessert Pizza,95
431,559506,Caramelized Pork Loin,120
432,536613,Lemony Potato Salad,60
433,511645,Easy Sweet and Sour Chicken,50
434,556670,Traditional Italian Bolognese Sauce,45
435,43506,Parsnip Buttermilk Pie,45
436,598479,Southwestern Quinoa Bites,45
437,521999,Fresh Strawberry Chocolate Chip Pancakes with Whipped Cream,30
438,127944,Buco (young Coconut) Pie,45
439,688790,Autumn Chopped Quinoa Salad with Apple Cider + Tahini-Sage Dressing,15
440,809959,Tangy Arugala Salad with Sumac (Salatat Jarjeer),10
441,587646,Peeps Pudding S'mores Pies,10
442,773449,Sweet Raisin and Coconut Tamales,30
443,28757,Spinach-&-brie-topped Artichoke Hearts,15
444,396552,Tasty Maple Glazed Salmon,20
445,128474,Cranberry Sangria,5
446,472090,Joanne's Super Hero Sandwich,500
447,542614,Stir Fry Vegetable Lo Mein,25
448,756750,Toasted Barley with Mushrooms,65
449,22559,Pasta With Grilled Vegetables And Feta,45
450,10437,Chicken Pasta with Broccoli Rabe,30
451,143324,Basic Seitan - Chicken Flavor,60
452,679525,Southwest Chicken Pumpkin Chili,250
453,798287,Smashed Chickpea and Avocado Sandwich,10
454,471777,Mini Quiches (Crustless),55
455,549831,Blueberry Almond Cream Muffins,30
456,493629,Slow Cooker Ham & Eggs,195
457,377442,Country Pork 'n' Sauerkraut,105
458,802170,Sesame Kale,17
459,512718,Mini Cheeseburgers and #Anolon Giveaway,45
460,627148,Spicy Southwestern Stovetop Macaroni and Cheese,20
461,449047,Caramel Apple Bites,40
462,601036,Marina Cafe Seafood Bisque,40
463,474066,Chipotle and Orange Pulled Chicken Sandwich with Southwest Slaw,135
464,264864,Easy Shrimp Pasta for Two,45
465,224475,"Pasta with prawns, mascarpone & lemon",30
466,129269,Cranberry Pear Tart With Gingerbread Crust,120
467,139729,Valentine's Sugar Cookies Recipe,45
468,38344,Roasted Root Vegetable And Wheat Berry Salad,60
469,509583,Sage Bison Burgers with Balsamic Bacon Apple Chutney,30
470,521991,Green Smoothies: A Beginner’s Journey,45
471,524064,beet and caramelized onion bruschetta with goat cheese crumbles,95
472,450634,Cake Roll with Berries,55
473,586434,Flour's Focaccia,300
474,541589,Blueberry Bundt Cake,45
475,547259,Oatmeal Raisin Cookie Pancakes,45
476,607076,Double Crust Peach Cobbler,180
477,552158,Spiced Manhattan Cocktail,7
478,711413,6-Ingredient Gouda Bacon Ranch Dip,10
479,201476,Max and Eli Sussman's Korean-Style Short Ribs,1440
480,620009,Gluten-Free Chocolate Chip Banana Nut Muffins,45
481,28186,Shaved Zucchini Salad With Parmesan And Pine Nuts,45
482,612164,Chocolate Chip Toffee Cookies,18
483,600569,Undhiyu,80
484,519578,Chipotle-Mango Barbecue Chicken Salad,45
485,600627,Coriander Chutney,10
486,627290,Dorito Haystacks Bar,20
487,780610,Strawberry Lemon Cheesecake Bars,75
488,697589,Chopped Salad al Tonno,15
489,434235,Tart Cherry Meringue Dessert,50
490,443189,Three-Flour Braid,65
491,505585,Thai Chicken Enchiladas,45
492,610658,Curried Red Potato Spinach Salad,45
493,581540,Juice Detox Drink 3 ~ I AM SWEET,45
494,430082,Ham 'n' Egg Sandwich,45
495,247942,Tandoori Chicken Quesadillas,45
496,525164,Thai Peanut Noodles with Pork,40
497,222248,Seven-cup muesli,10
498,25473,Simple Zucchini Quiche,45
499,490726,Monster Cookie Dough Popcorn,15
